0,"3 Calle 8-40 Zona 1, Ciudad de Guatemala, Guatemala"
1,"Guatemala, 10 de abril de 2019"
2,"6 Avenida 1-99 Zona 1 Barrio La Democracia, Jalapa, Jalapa"
3,"1 Avenida 4-38 Zona 1, Tec√∫n Um√°n, San Marcos"
4,"3 Avenida Zona 1 Barrio El Porvenir, San Benito, Pet√©n"
5,"Kilometro 164.5 Carretera a Cob√°n, Purulha, Baja Verapaz"
6,"4 Avenida 3-71 Zona 2, Tejutla, San Marcos"
7,"8 Avenida 3-31 Zona 1, Ciudad de Guatemala, Guatemala"
8,"9 Calle 5 Avenida Zona 1, El Estor, Izabal"
9,"Casa #2 Colonia San Josecito Zona 1, Retalhuleu, Retalhuleu"
10,"All in One SEO Pack 3.1.1 por Michael Torbert de Semper Fi Web Design[269,296]"
11,"#SurOccidenteGT | Madrugada üö® Ataque armado se suscit√≥ en Chuatuj, Coa..."
12,"Aldea San Antonio, Serchil, San Marcos"
13,"3 Calle 2-13 Zona 3, Cob√°n, Alta Verapaz"
14,"En nuestra Fan Page encontrar√°s noticias semanales, promociones y mucho m√°s."
15,"3ra. Calle 8-40 Zona 1, Ciudad de Guatemala, Guatemala, C.A."
16,"3 Calle Zona 2, Concepci√≥n Chiquirichapa, Quetzaltenango"
17,"1 Avenida 3-51 Zona 1, Quetzaltenango, Quetzaltenango"
18,"0 Avenida 5 Calle Zona 2 Barrio el Rosario, Coatepeque, Quetzaltenango"
19,"9 Calle ""A"" atr√°s de Gobernaci√≥n Departamental Zona 1, Chiquimula, Chiquimula"
20,"#SurOccidenteGT üö® Ataque armado se suscita en Aldea Santa Fe, Coatepequ..."
21,"1 Avenida 3-51 Zona 1, Mazatenango, Suchitepequez"
22,"Calzada Revoluci√≥n del 71 Zona 1, San Marcos, San Marcos"
23,"Barrio San Pedro Calle Principal frente al Puente Fray Bartolom√©, Sacapulas, Quich√©"
24,"13 Calle 1-66 Zona 5 Frente a CDAG, Santa Cruz del Quich√©, Quich√©"
25,"Colonia Colina I 1 Calle atr√°s del Mercado Cantonal, Santo Tom√°s de Castilla, Izabal"
26,"6 Avenida 6 Calle ""B"" 6-36 Zona 1, El Palmar, Quetzaltenango"
